Representative,AvgTradeReturn,AvgSPYReturn,AvgExcessReturn,NumTrades,WinRate,BeatSPYRate,Party
John Fetterman,0.38166289573273265,0.17634061691557,0.2053222788171627,8,0.75,0.625,Democratic
Tina Smith,0.21620582143021264,0.055327648125121455,0.1608781733050912,5,0.8,0.8,Democratic
Susan W. Brooks,0.2140948088605127,0.20569357396360322,0.00840123489690947,12,1.0,0.5833333333333334,Republican
Austin Scott,0.2116432759213028,0.036359655531548005,0.1752836203897548,40,0.55,0.525,Republican
Michael Garcia,0.19443450113728353,0.050237474431494476,0.14419702670578904,20,0.65,0.65,Republican
Daniel Meuser,0.17770376843858016,0.15405171094383074,0.023652057494749412,8,1.0,0.75,Republican
David H. McCormick,0.17307820104183824,0.022318248265922457,0.15075995277591578,22,0.9090909090909091,0.8181818181818182,Republican
Adam Kinzinger,0.16986907874493218,0.09346816710781748,0.07640091163711467,23,0.6956521739130435,0.5217391304347826,Republican
Kelly Loeffler,0.1658573660147629,0.15849160028004297,0.007365765734719916,79,0.8860759493670886,0.4810126582278481,Republican
Kelly Louise Morrison,0.13302917222027863,0.05795876506799402,0.07507040715228461,5,0.8,0.8,Democratic
Maria Elvira Salazar,0.1258137406482716,0.09763992360201759,0.028173817046254022,34,0.7352941176470589,0.4411764705882353,Republican
Ron Wyden,0.12200529236456062,0.07787304239287142,0.0441322499716892,172,0.8081395348837209,0.6162790697674418,Democratic
Steve Chabot,0.1177324520374957,-0.018557190317987637,0.13628964235548333,7,1.0,1.0,Republican
Morgan Mcgarvey,0.11678921949357467,0.030306425272550327,0.08648279422102434,8,0.625,0.5,Democratic
Linda T. Sánchez,0.10776669980145469,0.07423801030839756,0.033528689493057116,6,0.8333333333333334,0.6666666666666666,Democratic
Luis V. Gutierrez,0.10158922774190016,0.016505139859289364,0.08508408788261079,6,1.0,1.0,Democratic
Christopher L. Jacobs,0.09627279594595373,0.045295614400837826,0.050977181545115914,102,0.7352941176470589,0.5882352941176471,Republican
Katie Britt,0.09113506342567801,0.09909879242985763,-0.007963729004179625,16,0.75,0.5625,Republican
Laurel Lee,0.08760892643533351,0.040207841797649545,0.047401084637683964,7,0.7142857142857143,0.7142857142857143,Republican
David Cheston Rouzer,0.08039426998463972,0.05400695504364287,0.026387314940996855,7,0.8571428571428571,0.42857142857142855,Republican
Dan Sullivan,0.07940845768763757,-0.0036991764232056487,0.08310763411084322,19,0.8421052631578947,0.8421052631578947,Republican
John James,0.07294502977261381,0.06776855841222557,0.005176471360388231,123,0.8048780487804879,0.4796747967479675,Republican
Jefferson Shreve,0.07108538826512364,0.06847859147195884,0.0026067967931647966,190,0.6736842105263158,0.45263157894736844,Republican
John Curtis,0.0695914916949712,0.07278596977340508,-0.003194478078433893,124,0.717741935483871,0.4838709677419355,Republican
Dean Phillips,0.06906301152686363,0.06740002681996783,0.0016629847068958083,411,0.7177615571776156,0.4793187347931874,Democratic
Blake Moore,0.06637162935851285,0.059964249568638564,0.00640737978987429,71,0.8309859154929577,0.5915492957746479,Republican
Tim Moore,0.06360117561638695,0.03517541971667377,0.028425755899713183,141,0.5815602836879432,0.475177304964539,Republican
Thomas R. Carper,0.06309197407872133,0.04443753754354281,0.01865443653517852,350,0.6485714285714286,0.48857142857142855,Democratic
Angus King,0.06252773260074024,0.04825398655870522,0.014273746042035032,34,0.7058823529411765,0.5,Independent
Kevin Yoder,0.0619388185572913,0.03809072163850899,0.023848096918782313,11,0.7272727272727273,0.7272727272727273,Republican
Kathy Castor,0.06115141855328961,0.05936017037192253,0.0017912481813670677,23,0.7391304347826086,0.5652173913043478,Democratic
"Charles J. ""Chuck"" Fleischmann",0.060117875449499994,0.03270081455516964,0.027417060894330353,8,0.75,0.5,Republican
Doug Lamborn,0.05852451742540547,0.026056722668745945,0.03246779475665953,5,1.0,0.8,Republican
Ashley B. Moody,0.05715023609179633,0.024416857671797687,0.03273337841999864,15,0.6,0.4,Republican
Rob Bresnahan,0.05706905256457013,0.05882015525047067,-0.0017511026859005454,231,0.6190476190476191,0.4155844155844156,Republican
HON. GREG STANTON,0.05630392461866052,0.06715506715506714,-0.010851142536406618,92,0.7065217391304348,0.4782608695652174,Democratic
Ritchie John Torres,0.05223555651036729,0.04351007009934465,0.008725486411022648,61,0.6229508196721312,0.4426229508196721,Democratic
Trey Hollingsworth,0.0507978403782077,0.02776245971668624,0.023035380661521457,9,0.7777777777777778,0.4444444444444444,Republican
Cleo Fields,0.05079217114067842,0.03650966087810563,0.014282510262572783,146,0.6438356164383562,0.4726027397260274,Democratic
John A. Boehner,0.050086215153742675,0.014437836010522636,0.03564837914322004,7,0.8571428571428571,0.5714285714285714,Republican
Cheri Bustos,0.05008542436727351,0.03497437920856458,0.01511104515870893,11,0.8181818181818182,0.6363636363636364,Democratic
Nicholas Van Taylor,0.0500472628657703,0.06735043998873126,-0.017303177122960964,42,0.6428571428571429,0.4523809523809524,Republican
Tom Malinowski,0.04995248174567878,0.03674792535570583,0.013204556389972958,145,0.5586206896551724,0.47586206896551725,Democratic
James E. Banks,0.04847934045791079,0.023028610348368662,0.02545073010954213,23,0.6086956521739131,0.4782608695652174,Republican
David B. Mckinley,0.04786846705404087,0.050379015364266394,-0.0025105483102255306,217,0.6497695852534562,0.5299539170506913,Republican
Debbie Wasserman Schultz,0.04708408106982774,0.01400503174357067,0.03307904932625706,42,0.5476190476190477,0.5476190476190477,Democratic
Jeffry Flake,0.04578212175461134,0.04507115431076605,0.0007109674438452955,11,0.7272727272727273,0.45454545454545453,Republican
Susan A. Davis,0.04516228601560041,0.04859070358117892,-0.0034284175655785085,36,0.5833333333333334,0.4722222222222222,Democratic
Barbara J Comstock,0.04438691377462956,0.027822066848255167,0.016564846926374395,42,0.7380952380952381,0.5952380952380952,Republican
Mark Green,0.04387643636675885,0.04371130620297042,0.00016513016378843427,413,0.5835351089588378,0.4794188861985472,Republican
Greg Gianforte,0.04369689814175368,0.045351913206722536,-0.0016550150649688523,391,0.59846547314578,0.5089514066496164,Republican
Gilbert Cisneros,0.04361747646632934,0.0412893026348607,0.002328173831468643,1340,0.5888059701492537,0.46940298507462686,Democratic
Richard Dean Mccormick,0.0434612204593043,0.0479760397363962,-0.004514819277091903,57,0.7192982456140351,0.47368421052631576,Republican
Elizabeth Fletcher,0.04261419663072557,0.046683659771117034,-0.004069463140391461,22,0.7727272727272727,0.7272727272727273,Democratic
Jared Moskowitz,0.042439978155664776,0.044510134338685274,-0.002070156183020501,196,0.5663265306122449,0.4387755102040816,Democratic
Justin Amash,0.04138922288784103,0.06680634933385193,-0.025417126446010907,9,0.7777777777777778,0.2222222222222222,Libertarian
Randy Neugebauer,0.04114111476606566,0.01549718721647193,0.025643927549593732,17,0.6470588235294118,0.5294117647058824,Republican
Marjorie Taylor Greene,0.03946958421397669,0.0401768331941674,-0.000707248980190708,450,0.6044444444444445,0.4666666666666667,Republican
Brian Babin,0.03879773951093294,-0.011671018911848852,0.05046875842278179,6,0.5,0.6666666666666666,Republican
John D. Dingell,0.03788519810119171,-0.010554419525904043,0.048439617627095755,6,0.6666666666666666,0.8333333333333334,Democratic
Susie Lee,0.03787239744909388,0.04450645052545037,-0.006634053076356484,629,0.6263910969793323,0.48171701112877585,Democratic
Katherine M. Clark,0.03638855966745711,0.03826655881733551,-0.0018779991498783974,219,0.6575342465753424,0.5251141552511416,Democratic
Pat Roberts,0.036335136463670446,0.025928116885702342,0.010407019577968107,241,0.5850622406639004,0.5352697095435685,Republican
Andrew Garbarino,0.03622182284732347,0.009162398051862497,0.027059424795460973,5,0.6,0.6,Republican
Thomas H. Kean Jr,0.03575051759091533,0.03909107707752139,-0.0033405594866060522,60,0.6333333333333333,0.43333333333333335,Republican
C. Scott Franklin,0.03541598466809248,0.043618744611221484,-0.008202759943128997,70,0.7,0.42857142857142855,Republican
Kenneth R. Buck,0.03370154900043515,0.036649779183445454,-0.0029482301830103122,34,0.6176470588235294,0.4411764705882353,Republican
John A. Yarmuth,0.033002836352298365,0.046234664615018385,-0.013231828262720019,161,0.6459627329192547,0.4658385093167702,Democratic
Ed Perlmutter,0.03265477901940422,0.03295482192026026,-0.00030004290085603564,42,0.6190476190476191,0.5,Democratic
Michael G. Fitzpatrick,0.032604698184885164,0.02156732963786757,0.011037368547017593,19,0.7368421052631579,0.7368421052631579,Republican
Bill Cassidy,0.031027293458786936,0.037144952978939785,-0.006117659520152846,68,0.6176470588235294,0.4264705882352941,Republican
Cindy Axne,0.03019477902162564,0.022249268254582844,0.007945510767042795,67,0.6268656716417911,0.582089552238806,Democratic
William R. Keating,0.02874766036432934,0.016755112777174883,0.01199254758715446,74,0.6621621621621622,0.6081081081081081,Democratic
Markwayne Mullin,0.02847086439281752,0.01461691204534506,0.013853952347472462,247,0.5668016194331984,0.5222672064777328,Republican
Shelley Moore Capito,0.02839598904315891,0.029737862318959127,-0.0013418732758002183,226,0.6592920353982301,0.5088495575221239,Republican
Lou Barletta,0.028362050692926976,0.03338173033949277,-0.005019679646565792,28,0.6785714285714286,0.4642857142857143,Republican
Kevin Hern,0.027473730498157534,0.024630695607643083,0.0028430348905144494,515,0.5902912621359223,0.487378640776699,Republican
Robert P Corker Jr,0.026014402732297544,0.025252371893345702,0.0007620308389518446,421,0.6912114014251781,0.5581947743467933,Republican
Tommy Tuberville,0.025772445210822236,0.024784743186805753,0.0009877020240164846,425,0.5458823529411765,0.47058823529411764,Republican
John Hoeven,0.025695773193380227,0.022407203160928268,0.0032885700324519567,120,0.6166666666666667,0.5,Republican
Josh Gottheimer,0.02516037427323292,0.020858318536082544,0.004302055737150381,1313,0.5712109672505712,0.49504950495049505,Democratic
Greg Landsman,0.025121346436827254,0.020476664706145283,0.004644681730681972,54,0.5740740740740741,0.46296296296296297,Democratic
Mo Brooks,0.024766820574591897,0.03103722095624173,-0.006270400381649832,48,0.6041666666666666,0.4583333333333333,Republican
E. Scott Rigell,0.02475192286937504,0.01858406157892156,0.006167861290453478,52,0.6153846153846154,0.4807692307692308,Republican
David E. Price,0.024406663609421876,0.01743708653439182,0.006969577075030058,58,0.5689655172413793,0.5,Democratic
David Perdue,0.02426875893940345,0.029128504925634954,-0.004859745986231509,873,0.56815578465063,0.47766323024054985,Republican
James French Hill,0.023756094703390972,0.039420125606386774,-0.015664030902995802,30,0.6333333333333333,0.3333333333333333,Republican
Thomas Macarthur,0.02365065244800872,0.02019741575070326,0.0034532366973054644,850,0.6270588235294118,0.5094117647058823,Republican
Tony Wied,0.023338946788883465,0.0033877098941931414,0.019951236894690322,20,0.6,0.5,Republican
Alan S. Lowenthal,0.023308671032839682,0.021383021809362874,0.0019256492234768039,364,0.5576923076923077,0.4835164835164835,Democratic
John Rutherford,0.022371772095194795,0.015481494045733072,0.006890278049461723,115,0.6260869565217392,0.4956521739130435,Republican
Sheldon Whitehouse,0.02223164688408496,0.02016088360502746,0.0020707632790574987,333,0.5855855855855856,0.5045045045045045,Democratic
Pete Sessions,0.02202798454715779,0.013052191511102046,0.008975793036055743,217,0.5898617511520737,0.5483870967741935,Republican
Richard W. Allen,0.021973090356727315,0.029055058624988177,-0.007081968268260861,95,0.6526315789473685,0.42105263157894735,Republican
Lisa Mcclain,0.02142395935458807,0.04150799213644268,-0.02008403278185461,697,0.5480631276901005,0.3931133428981349,Republican
Michael K. Simpson,0.020661086169306456,0.05296787182095745,-0.032306785651650995,40,0.5,0.35,Republican
Debbie Dingell,0.01980183419916157,0.025733968483531912,-0.005932134284370341,126,0.6111111111111112,0.5476190476190477,Democratic
Michael T. McCaul,0.019486608482475482,0.023842656401613135,-0.0043560479191376515,5467,0.5513078470824949,0.4649716480702396,Republican
Jackie Speier,0.018505198018232784,-0.013580860242254422,0.0320860582604872,5,0.4,0.6,Democratic
Robert E. Latta,0.017878515375790674,0.038057793355097964,-0.02017927797930729,18,0.6111111111111112,0.4444444444444444,Republican
Raúl M. Grijalva,0.017805236371649977,0.009684169572608793,0.008121066799041185,72,0.4861111111111111,0.4027777777777778,Democratic
Dwight Evans,0.017735608923236747,0.019009169147217862,-0.0012735602239811164,81,0.5061728395061729,0.4567901234567901,Democratic
Donald Sternoff Beyer Jr,0.01703547504188619,-0.014440928896336608,0.0314764039382228,320,0.596875,0.559375,Democratic
Rick Larsen,0.016243726317152853,0.026071622143114353,-0.009827895825961502,37,0.5945945945945946,0.4864864864864865,Democratic
Bradley S. Schneider,0.015104569374425761,0.019219520534614565,-0.004114951160188803,48,0.5625,0.4791666666666667,Democratic
David J. Taylor,0.014865022973832081,0.0038655230651603867,0.010999499908671695,84,0.5595238095238095,0.5,Republican
Gerald E. Connolly,0.01424266788953625,0.020571641767697494,-0.006328973878161244,24,0.625,0.375,Democratic
John Boozman,0.014181549095931773,0.018640762413262627,-0.004459213317330854,174,0.47126436781609193,0.43103448275862066,Republican
Lloyd Doggett,0.01389411008989133,0.02673228915907528,-0.01283817906918395,222,0.5675675675675675,0.4144144144144144,Democratic
Lamar Smith,0.013248585483043964,0.013318826120321217,-7.024063727725445e-05,311,0.572347266881029,0.5176848874598071,Republican
Robert J. Wittman,0.013218858370888828,0.03272666923974158,-0.01950781086885275,124,0.5806451612903226,0.43548387096774194,Republican
Ro Khanna,0.013109999814144574,0.018102904032614952,-0.004992904218470377,13542,0.5433466253138385,0.4734160389898095,Democratic
John F. Reed,0.01214131282195156,0.008193584661427682,0.003947728160523877,59,0.6610169491525424,0.559322033898305,Democratic
Thomas J. Rooney,0.011899182842423743,0.013406322878248722,-0.0015071400358249794,422,0.5710900473933649,0.5402843601895735,Republican
Gary Palmer,0.011783995450990396,0.025812991972285773,-0.014028996521295373,185,0.5513513513513514,0.4594594594594595,Republican
K. Michael Conaway,0.011471947300209607,0.018695576033687274,-0.007223628733477666,410,0.5609756097560976,0.43414634146341463,Republican
Earl Blumenauer,0.010989261915482414,0.016140853050859293,-0.005151591135376879,242,0.5454545454545454,0.47107438016528924,Democratic
Jon Kyl,0.010761142139698643,-0.0030854360987598722,0.013846578238458515,8,0.5,0.375,Republican
Tammy Duckworth,0.010572813891153757,0.0297058199267307,-0.019133006035576945,9,0.5555555555555556,0.5555555555555556,Democratic
Louise Mcintosh Slaughter,0.010434376391435107,0.014299044145639017,-0.00386466775420391,17,0.8235294117647058,0.5294117647058824,Democratic
Byron Donalds,0.010117937886370726,0.01685416941159238,-0.006736231525221653,77,0.45454545454545453,0.4155844155844156,Republican
Susan M. Collins,0.009670297901966576,0.021958972076521154,-0.012288674174554584,118,0.6271186440677966,0.4576271186440678,Republican
Victoria Spartz,0.008700018214386361,0.006885552283969353,0.0018144659304170085,18,0.6111111111111112,0.5,Republican
Julia Letlow,0.008562474150770447,0.020774172370356937,-0.012211698219586488,138,0.4855072463768116,0.391304347826087,Republican
Peter Welch,0.008403107869434476,0.00835973219162748,4.337567780699702e-05,29,0.41379310344827586,0.4827586206896552,Democratic
Suzan K. Delbene,0.008128925499108668,0.018541271853765633,-0.010412346354656963,106,0.5377358490566038,0.4716981132075472,Democratic
Roger Williams,0.008070681514643492,0.035879031013691894,-0.0278083494990484,13,0.6153846153846154,0.15384615384615385,Republican
John Hickenlooper,0.007605220126847338,0.01733951602754541,-0.009734295900698072,37,0.4864864864864865,0.5405405405405406,Democratic
David P. Joyce,0.007513156244630577,0.02376601397525904,-0.016252857730628463,62,0.5806451612903226,0.3225806451612903,Republican
Donna Shalala,0.007121441729192885,0.028355932202078066,-0.02123449047288518,139,0.5539568345323741,0.38848920863309355,Democratic
Jerry Moran,0.0070318839365388726,0.017198999811776042,-0.010167115875237168,47,0.44680851063829785,0.3617021276595745,Republican
Jonathan Jackson,0.006945148937663816,0.028184490626966506,-0.02123934168930269,103,0.47572815533980584,0.4174757281553398,Democratic
Lois Frankel,0.004712610595477824,0.014731913618208806,-0.01001930302273098,664,0.5331325301204819,0.4397590361445783,Democratic
Beto O'Rourke,0.0037985274773724947,0.04592412328617553,-0.04212559580880304,7,0.5714285714285714,0.42857142857142855,Democratic
Zoe Lofgren,0.003188511064524758,0.016692746123900017,-0.013504235059375258,194,0.5051546391752577,0.39690721649484534,Democratic
Nancy Pelosi,0.0018509581188065043,-0.0008651666744065306,0.002716124793213035,98,0.5102040816326531,0.5,Democratic
Patrick Fallon,0.0016836641086595578,0.039364339544025816,-0.03768067543536626,57,0.47368421052631576,0.3157894736842105,Republican
Carol Devine Miller,0.0016766989174578743,0.029747580194417027,-0.028070881276959152,64,0.515625,0.40625,Republican
Bill Flores,0.0016206112076527035,0.013968392339058285,-0.012347781131405581,379,0.5065963060686016,0.44063324538258575,Republican
Richard L. Hanna,0.001505389367358546,0.007853848776596615,-0.0063484594092380695,176,0.5227272727272727,0.4715909090909091,Republican
Lindsey Graham,0.0011994501549486187,0.048927075154812504,-0.04772762499986388,6,0.6666666666666666,0.0,Republican
Frank A. Lobiondo,0.0010955552964135862,0.012453877017123836,-0.01135832172071025,9,0.6666666666666666,0.5555555555555556,Republican
Virginia Foxx,0.0010179222802913271,0.009772538690234525,-0.008754616409943199,682,0.5278592375366569,0.4780058651026393,Republican
Bruce Westerman,0.0007569907019467397,-0.006785876480137118,0.0075428671820838575,103,0.4563106796116505,0.5145631067961165,Republican
Roger W. Marshall,0.00020944902844504564,0.032526268186140475,-0.03231681915769542,75,0.5466666666666666,0.44,Republican
Michael C. Burgess,-0.001150552416517199,0.020131015623728876,-0.021281568040246075,37,0.4594594594594595,0.4594594594594595,Republican
A. Mitchell Jr. McConnell,-0.001222434851349249,0.014342496997199583,-0.015564931848548832,35,0.4857142857142857,0.4857142857142857,Republican
Nick J. Rahall Ii,-0.001945910645319397,0.023650847548636098,-0.025596758193955495,23,0.43478260869565216,0.34782608695652173,Democratic
Thad Cochran,-0.0023063217127385406,0.01703420876466224,-0.01934053047740078,249,0.5100401606425703,0.43775100401606426,Republican
Ed Whitfield,-0.002385804604638705,0.02240253131788504,-0.024788335922523747,100,0.52,0.39,Republican
Kurt Schrader,-0.0025382537688066528,-0.006092758369930659,0.0035545046011240065,64,0.515625,0.453125,Democratic
Thomas Suozzi,-0.00268431719473232,0.013617225058742844,-0.016301542253475163,315,0.5079365079365079,0.46984126984126984,Democratic
Patty Murray,-0.0030032043134559706,0.00763166722576325,-0.01063487153921922,78,0.4230769230769231,0.41025641025641024,Democratic
Valerie Hoyle,-0.0039029857554983595,0.017913580538960854,-0.021816566294459213,190,0.48947368421052634,0.4105263157894737,Democratic
April Mcclain Delaney,-0.006437353332324016,0.02657469940827875,-0.03301205274060276,145,0.4413793103448276,0.3586206896551724,Democratic
Rubén Hinojosa,-0.007571375388016692,0.007542238995611131,-0.015113614383627823,38,0.3684210526315789,0.3157894736842105,Democratic
Kathy Manning,-0.007574694809130355,0.005917390512735966,-0.013492085321866321,320,0.45625,0.45,Democratic
Bob Gibbs,-0.008466060966911566,0.004654979980547918,-0.013121040947459485,105,0.4666666666666667,0.49523809523809526,Republican
Carlos Curbelo,-0.008477295671279217,7.168149846224563e-05,-0.008548977169741463,195,0.5333333333333333,0.5128205128205128,Republican
Joe Courtney,-0.009213231790374312,0.006413001237965906,-0.01562623302834022,58,0.4827586206896552,0.4827586206896552,Democratic
Sara Jacobs,-0.011068379715745081,0.05676486424121241,-0.06783324395695749,5,0.6,0.2,Democratic
Gary Peters,-0.011770997808939964,0.016984165952158868,-0.028755163761098834,57,0.47368421052631576,0.3157894736842105,Democratic
Mick Mulvaney,-0.012493518856525165,0.014242181345598657,-0.026735700202123822,7,0.42857142857142855,0.2857142857142857,Republican
Michael Patrick Guest,-0.01268666063459224,-0.013592116527449,0.0009054558928567596,45,0.4222222222222222,0.5333333333333333,Republican
Diana Harshbarger,-0.013014653218942265,-0.030938825871870523,0.017924172652928255,212,0.42452830188679247,0.5613207547169812,Republican
Daniel Goldman,-0.013580021514073667,0.029942000867858875,-0.04352202238193254,342,0.47953216374269003,0.3713450292397661,Democratic
Peter Meijer,-0.014007828011338532,0.0415850476046307,-0.05559287561596923,7,0.42857142857142855,0.2857142857142857,Republican
Ron Estes,-0.015607296823645367,-0.025593609959432124,0.009986313135786759,6,0.5,0.6666666666666666,Republican
Daniel Crenshaw,-0.016808301321004224,0.05998741888386121,-0.07679572020486544,21,0.47619047619047616,0.38095238095238093,Republican
James M. Inhofe,-0.017910046782499692,0.013150947533275696,-0.03106099431577539,79,0.5063291139240507,0.45569620253164556,Republican
Steve Cohen,-0.018429826411064158,-0.03864590687527746,0.020216080464213304,18,0.3333333333333333,0.6111111111111112,Democratic
Julie Johnson,-0.019909227828535606,-0.032111232464206094,0.01220200463567049,79,0.4936708860759494,0.46835443037974683,Democratic
August Lee Pfluger Ii,-0.020326323621769504,0.04051061198982531,-0.06083693561159481,10,0.6,0.2,Republican
Marie Newman,-0.021110168824451048,0.032777133089444736,-0.053887301913895784,132,0.4621212121212121,0.4015151515151515,Democratic
Dan Newhouse,-0.02694816984180068,0.006183229602828295,-0.03313139944462898,89,0.34831460674157305,0.38202247191011235,Republican
James R. Langevin,-0.028452472706759616,-0.00036087749278309743,-0.028091595213976518,188,0.46808510638297873,0.4148936170212766,Democratic
Pat Toomey,-0.02957281856533973,0.016731987149425767,-0.046304805714765494,44,0.45454545454545453,0.36363636363636365,Republican
Brian Mast,-0.03558580930595022,0.035423363758184494,-0.0710091730641347,39,0.46153846153846156,0.41025641025641024,Republican
Ed Case,-0.044544524172745494,0.01886165357453583,-0.06340617774728133,10,0.5,0.4,Democratic
Deborah K. Ross,-0.04543885037408431,-0.014875887027248378,-0.03056296334683593,18,0.5555555555555556,0.5,Democratic
James Comer,-0.04676767524935083,-0.00536734850159834,-0.04140032674775249,24,0.375,0.375,Republican
Dean Heller,-0.05019365612990396,-0.034702004034828156,-0.015491652095075803,22,0.36363636363636365,0.5,Republican
Greg Steube,-0.056491462911175794,0.013055420021211815,-0.06954688293238762,13,0.38461538461538464,0.3076923076923077,Republican
Aston Donald Mceachin,-0.0578414992052966,-0.046827799137026414,-0.011013700068270182,6,0.3333333333333333,0.3333333333333333,Democratic
Garret Graves,-0.05971737201632321,0.04886965448398357,-0.10858702650030679,7,0.42857142857142855,0.42857142857142855,Republican
Tom Rice,-0.06055270952722112,-0.0003552662159829856,-0.06019744331123813,5,0.2,0.2,Republican
John Mcguire,-0.07002158820132376,0.04812671607813774,-0.11814830427946149,9,0.4444444444444444,0.1111111111111111,Republican
Brenda Lulenar Lawrence,-0.07421122927610936,-0.00036675958947309054,-0.07384446968663627,15,0.3333333333333333,0.26666666666666666,Democratic
Scott H. Peters,-0.08360708468608677,-0.08091888359147423,-0.0026882010946125408,177,0.1638418079096045,0.4632768361581921,Democratic
David A. Trott,-0.08923353172155532,-0.0213132110791168,-0.06792032064243853,132,0.3106060606060606,0.36363636363636365,Republican
Brad Ashford,-0.09032787431345378,0.0036405582964181677,-0.09396843260987195,7,0.42857142857142855,0.5714285714285714,Democratic
Rodney Leland Blum,-0.11477027968564901,-0.0015484888034488886,-0.11322179088220012,5,0.2,0.6,Republican
Mark R Meadows,-0.1574777550732471,-0.06255024997903116,-0.09492750509421595,5,0.0,0.2,Republican
Tim Walberg,-0.1885822305625672,-0.1735938878439336,-0.014988342718633621,12,0.0,0.3333333333333333,Republican
Mikie Sherrill,-0.20135413960692486,-0.19005828144803658,-0.011295858158888276,32,0.3125,0.5625,Democratic
