,Composite (all 3),Bottom 8 (composite),Lobbying only,Contracts only,Congress buys only,Hold all 32 (no signal),SPY
2015-01-31,10306.389323522091,11114.199272289334,10429.308049274461,10414.44697466827,10302.496165675444,10564.75771874736,10498.712361331221
2015-02-28,10085.27917396401,10799.556463626885,10160.129999277793,10174.383412353627,10187.69523899211,10329.270136468758,10223.355784469097
2015-03-31,10628.67947202723,10719.670265727294,10288.011990268229,10324.32427643977,10724.17596924674,10411.448615753408,10323.890649762281
2015-04-30,10676.302642179448,10726.969781755617,10232.777164741698,10284.870243873056,10823.95873080674,10458.615878566203,10477.912044374008
2015-05-31,10491.77091576366,10693.492224631576,9950.606394508759,10240.707490664054,10692.483979854323,10258.877379659494,10194.63153724247
2015-06-30,10500.03355884491,10682.34822085072,10322.235026143542,10841.334868748618,11132.280152075584,10520.171514994516,10424.920760697305
2015-07-31,9659.77137629246,10212.978992272254,9607.402492392439,10001.533156370115,10298.849203612619,9908.253527148505,9789.5206022187
2015-08-31,9462.384830291965,9751.54725181409,9483.0748321313,9558.095061253984,9997.809884675295,9588.27860863798,9490.392234548335
2015-09-30,10740.142760692881,11227.914864201412,10579.588441982663,10934.718253575835,11454.039722029076,10839.93549288361,10419.473058637082
2015-10-31,10417.853396314078,11330.617749209301,10304.63415739385,10910.73720150084,11081.898495042726,10735.146858900995,10335.281299524564
2015-11-30,10410.529501126477,11577.965022949593,10221.485037133862,11174.739226108339,11106.275207921888,10739.526532262333,10096.572900158479
2015-12-31,9899.875832706472,10511.746597230513,9804.453052531593,10247.614731202846,10540.33666831981,10131.266760170514,9590.431854199682
2016-01-31,9792.155183753324,10388.657865228424,9908.262178600458,10024.76618149716,10372.853147297228,10125.794015642628,9585.974643423138
2016-02-29,10356.349774315411,11870.804722616622,10299.495878146208,11016.878086184126,11102.309780148891,10923.370860504872,10178.288431061806
2016-03-31,10920.165120450638,11624.96205282524,10784.756963456783,11410.971253801657,11507.742846490959,11246.664555959882,10299.6236133122
2016-04-30,10985.578443273798,11330.358365215703,10792.563544304572,11453.949710804653,11783.574097679368,11223.647393592015,10392.234548335975
2016-05-31,11197.367346977217,11178.809958952213,11042.410071814038,11402.063774632667,11965.251337567559,11371.32272649919,10374.158082408872
2016-06-30,11376.663264923138,11646.995761270038,11119.211686226467,11622.927104743463,12328.67387042324,11648.741405864408,10743.858954041201
2016-07-31,11378.065848431143,11843.194627251507,10885.399316023671,11367.401515153817,12285.877929582774,11565.897167782487,10765.649762282088
2016-08-31,11419.469420490303,12001.03639792191,10809.53153412792,11589.712684046264,12425.09218948638,11612.287226821449,10712.163232963545
2016-09-30,11214.472048341733,11421.439684587142,10680.032652046735,11256.30962653178,12141.750335449173,11387.081412251253,10526.446117274165
2016-10-31,11233.817532224191,12984.876243974208,11330.229423045215,11994.522292871383,12180.50858637268,12004.732089557278,10914.223454833595
2016-11-30,11388.956869210278,13121.31755663638,11267.304144886693,12063.508806685611,12378.895846418794,12218.159676790397,11154.912836767033
2016-12-31,11317.481393296988,13126.696664396219,11344.566612332248,11966.48331174698,12284.112731439805,12194.375243926956,11268.324088748017
2017-01-31,11806.704047248311,13739.28878327681,11821.946543858116,12473.437032703243,12788.437940620086,12784.057115830541,11711.073692551503
2017-02-28,11778.552032365162,13564.312217220373,11863.523490503507,12501.58706168642,12650.851159592845,12565.609942560362,11674.920760697305
2017-03-31,12019.500023715787,13514.807980454372,12094.392254656672,12804.782891244702,12817.676343593734,12731.403609363195,11820.522979397781
2017-04-30,11943.081252138452,14486.869044200388,12300.064921707435,13124.429846192028,12867.558412894601,13243.408641599257,11957.210776545166
2017-05-31,12139.40996548289,14675.72169914365,12489.662728297195,13502.266941914631,13079.08432766937,13453.449706818934,11975.039619651347
2017-06-30,12614.868120241008,14737.769940991659,12945.470836171535,14068.652106345417,13593.553104173367,13870.519035688738,12221.17670364501
2017-07-31,12659.106716474582,15815.641925257954,13093.84375567966,14628.213442716049,13726.844673404587,14247.490059762338,12256.834389857371
2017-08-31,12932.963582918866,16790.425159599206,13590.148459843263,15805.643954830346,14028.331599801435,14891.013919573028,12496.038034865293
2017-09-30,13219.235340134659,16556.993958391107,14000.047937722184,15763.460755282695,14450.568871286108,15020.309303276814,12735.241679873216
2017-10-31,13592.036839600576,16562.526757271058,14472.52035002105,16375.205317168027,14988.125843458372,15441.789127328535,13124.504754358159
2017-11-30,13526.52902689346,17427.72864058985,14365.216496170287,17099.957407063015,15089.29434372955,15723.728658965116,13310.717115689378
2017-12-31,14526.777137313562,17583.750956073112,16013.577945673489,18425.918912074136,16323.356754525275,16591.8471535075,13960.974643423135
2018-01-31,14001.648638520723,17392.421398204395,16083.55910969255,18098.016012258344,15902.238684324988,16121.733959342811,13453.347860538825
2018-02-28,13304.89163196225,16998.0639036111,15100.090741140535,17281.57584045006,15011.874535923433,15415.766508957306,12751.089540412044
2018-03-31,13837.13679191092,17589.94143628016,15301.867275396788,17414.3712576615,15785.381249245198,16113.895262592458,13099.742472266242
2018-04-30,14068.61557299293,18222.8259881356,15600.509486266128,17801.773600580076,16065.838681291265,16380.725200439472,13418.185419968302
2018-05-31,13954.334385528464,17778.531972700108,15239.331425058723,17370.241966450518,16345.624214071819,16307.64795987051,13463.748019017432
2018-06-30,14519.925560495945,18926.898692753028,16090.872023813236,18171.833845557976,16771.88215024755,17089.0541188088,13932.745641838348
2018-07-31,14344.127874335933,19490.479494513238,16161.97022115111,18117.602576365705,17529.19231866693,17661.822512160332,14377.476228209189
2018-08-31,15271.932000538514,19794.621327160738,17190.576441880938,19266.005522300715,18244.770232021827,18428.204417027388,14447.801109350237
2018-09-30,13974.01679340161,17737.1040974706,15139.398944637976,16946.642991159824,16519.56513254346,16521.281005846377,13402.832805071313
2018-10-31,14351.098719416434,18477.366990857543,15702.916470038763,17359.920576902827,17446.176585217487,17224.741156195723,13651.446117274167
2018-11-30,12914.979476421124,16855.71148879922,14245.870634916473,15332.315649875169,15899.96148399108,15551.848784122327,12377.179080824088
2018-12-31,14141.013969782727,18700.48637909314,15518.888806791454,16879.90433915053,17030.933264270057,16796.945887287045,13368.16561014263
2019-01-31,14912.356006282176,20644.676249107666,16191.644177332884,17837.477087094994,17503.26947439827,17564.236150870904,13801.505546751187
2019-02-28,15007.467132849302,20973.54518146862,16258.016506502023,17602.476996238714,17858.342910714135,17641.161817307286,14155.606180665607
2019-03-31,15593.410821746547,21971.670729143214,16711.214264916645,17729.074302081855,18125.622177449386,17982.655774130653,14561.212361331218
2019-04-30,14705.997986793845,22222.949432928388,16095.080894144263,17056.36930718136,17107.93101080877,17391.714668170825,13632.626782884307
2019-05-31,15776.730377235144,22568.31228629217,17357.152552165266,18528.940761162834,18038.24172449748,18180.21994895971,14642.43264659271
2019-06-30,15631.674587213533,22733.646694538344,17165.31814918123,18207.955778860392,17845.865010721507,18135.911271221394,14730.091125198094
2019-07-31,15900.694286291278,22698.590412318103,17138.434805306562,18290.599368809595,17436.805180509185,17846.89549438186,14398.771790808238
2019-08-31,16128.587173290398,22585.437550163835,17402.641247280008,18716.65085655919,17747.43723933568,18151.419101989624,14697.404912836762
2019-09-30,15913.480494940228,22183.708633834078,17141.387739355243,18335.48903090255,17948.574617937662,18152.525637795952,15022.286053882723
2019-10-31,16421.79511380976,23164.986316776343,17357.009315017986,18527.784251530218,18926.652504724392,18734.382372409396,15433.835182250396
2019-11-30,16744.418687015663,23969.08775322397,17357.541223490643,18576.21058741089,19242.97873501454,19096.153475666604,15939.976228209192
2019-12-31,17148.914571045578,24525.43421437861,17937.499653428877,18946.52190769081,19161.878056716105,19284.460160419687,15933.538034865293
2020-01-31,16095.623191557192,24834.330716995246,16829.45346953906,17645.748625484513,17980.44285329173,18358.18309369413,15307.547543581615
2020-02-29,13490.837473712161,22195.207471361035,14472.350278026923,14423.538066982454,15016.467530124455,15735.801411749235,12764.956418383517
2020-03-31,15133.794142941962,25997.00419619435,16375.559041510634,15902.211238864378,17189.760561065443,17819.846468126256,14385.895404120443
2020-04-30,15522.078717542796,29028.87566196682,16806.648526252706,16703.4868101801,17351.944724202276,18764.106359054964,15132.230586370839
2020-05-31,16057.88346837384,28930.80429770937,17300.604027061596,17050.611744154343,17971.13382918705,18894.773962736977,15271.394611727415
2020-06-30,15939.46587712146,30069.150901071538,17818.37757079399,16932.23751125617,18253.912859813456,19340.395944404307,16170.76069730586
2020-07-31,16685.603186456938,30237.810021305282,18595.24177051967,17601.499039451337,19142.424753332198,19838.033496497355,17299.425515055464
2020-08-31,15557.147899093672,29163.15841283825,17544.513140464325,15965.854360749952,17825.474529400708,18681.61218362203,16585.28129952456
2020-09-30,15062.752056910938,29010.999044552813,16754.69457846862,16106.598786150184,17109.48413844121,18669.125480548293,16353.011093502371
2020-10-31,17070.11744731398,41550.35236952513,18654.542997289893,18625.236345750134,19141.448703368325,22637.889548196585,17930.86370839936
2020-11-30,17318.842390374626,42966.828074627534,18720.92940285195,18757.654865385757,19452.195768914862,23248.258567112633,18516.244057052292
2020-12-31,17068.31299621427,47931.31815090716,18491.426046264398,18181.850085666,19683.160599482697,24124.028357867035,18632.626782884305
2021-01-31,17877.702318903073,47233.33593033341,19054.421817091636,18644.694443311713,19853.396636682053,24780.70116820163,19293.779714738503
2021-02-28,18835.421941646553,47002.23749795605,20490.152613555816,19818.383063184658,20720.58559231378,25677.67995155045,19628.070522979393
2021-03-31,19232.92265934969,49335.02738305327,21136.748575988382,20401.79242186808,21096.828449965535,26600.891074959098,20666.600633914415
2021-04-30,19618.777903611302,49924.78368286657,21405.65329996961,20990.911694461483,21033.25660068718,27202.331005509008,20783.973851030107
2021-05-31,19951.657133075,54809.96781278404,21533.007737098193,20790.995134623794,21397.037955551816,28041.233870039814,21199.48494453248
2021-06-30,20149.26016904126,58759.42011592749,21355.615136235894,21083.68144440037,21809.045518578187,28533.44959193686,21671.45404120443
2021-07-31,20139.57774703955,59068.69695319185,21400.820609685503,21213.88488734201,22212.891253621518,29011.60803726151,22363.31220285261
2021-08-31,19657.45221368713,57025.97103017211,20887.46661137909,20674.823490375675,21439.966353574277,28076.319553975707,21252.971473851027
2021-09-30,20776.6600461422,59962.958139859904,21681.385276638783,21111.70631206432,23047.350672935238,29829.934456129493,22783.280507131534
2021-10-31,20631.900682595584,55795.30324327843,20587.530848983748,20559.168026571384,23091.513263060537,28442.237752436176,22561.41045958795
2021-11-30,21680.06916885071,53779.51875175132,20977.66588600821,21849.886451359773,24197.921521724307,29251.871474955497,23522.187004754353
2021-12-31,22401.241958649007,47627.08719552798,20861.160141981236,21979.561523445143,24743.830416894914,28237.082248035837,22281.596671949283
2022-01-31,22563.884662578097,49317.01749993936,21379.411841653484,23671.789345677986,24825.438883148578,29232.26822966853,21623.91045958795
2022-02-28,23635.392618855516,53674.05089483996,21990.483471898355,24009.3345234886,26608.385929126984,31441.215869060867,22367.27416798731
2022-03-31,22467.15515539448,49825.14018574967,19749.97273000502,22807.679823475075,25482.38889027554,29418.543169785356,20526.941362916
2022-04-30,23066.88394289885,51737.19266038739,19428.893403925624,23143.757434919604,26255.926117239214,29812.369019887716,20450.178288431052
2022-05-31,22350.379212554435,50009.217101833034,18942.62460544822,23192.0287971053,24990.275141446262,29038.756252460455,18683.141838351814
2022-06-30,23086.964667484513,56436.90133175943,20446.273979529797,23879.79143134808,26112.137363818605,31073.36097560531,20343.205229793966
2022-07-31,22163.271205911093,57169.03917070394,20056.13237908245,23039.957666109734,25017.631095893754,30315.129458904965,19571.11727416798
2022-08-31,20839.13010140782,54203.39425707297,17704.3427318912,21053.13014806983,23250.84215642403,28402.47602412395,17689.183835182244
2022-09-30,23487.55739326716,63080.654016554334,20365.908933641553,24643.4082285323,25497.085991662814,32247.977847672457,19126.881933438974
2022-10-31,25043.694797929948,65525.56542304954,21388.40360007968,25617.46097967862,26747.088292097178,33227.13660846685,20190.174326465916
2022-11-30,24786.74402413525,62886.43306922809,20850.644528705892,25427.237718743618,25496.78456651284,31971.558011253022,18859.944532488105
2022-12-31,24997.65508093936,64001.54887405037,21406.200718343494,25085.790881941728,25549.027172984883,32169.21262739367,20130.744849445317
2023-01-31,24106.815587098168,60392.06439656617,20546.353045340726,24674.074564338633,24440.64936449632,30999.447357279358,19624.60380348652
2023-02-28,25134.85665626724,64960.37519138554,21673.871192993145,24560.48635380758,25152.624257517407,32064.30921948198,20274.861331220272
2023-03-31,25682.321160028678,64510.025150445515,21452.390131431002,24505.174849623552,25549.928129249824,32025.289033180976,20577.951664025346
2023-04-30,26270.72687209738,64498.17173663503,21511.64952350662,23195.898143276812,25890.498140241096,32351.135923318277,20693.83914421552
2023-05-31,27195.39796636737,68080.9701894019,22146.086208410874,24209.664447692732,26790.470927143222,33944.794696712524,21953.24881141045
2023-06-30,27207.789332486907,70118.94024522207,22945.973251048417,23873.983846784635,26801.54750167243,35015.31308013075,22671.8502377179
2023-07-31,27284.108847471092,72661.6166705992,22408.093232004852,23428.270446486684,26302.97729195784,34536.59639034072,22303.387480190166
2023-08-31,26343.751277523566,70199.41679862722,21490.378299601365,21749.403969243456,25185.26675160528,33278.36569686613,21162.341521394606
2023-09-30,26127.932120894082,73226.45139793628,21902.426173016298,22342.052543989244,25216.867089264124,33574.28228005843,20711.172741679868
2023-10-31,27550.09462762569,79468.25419285394,23011.81094351355,23302.640096745537,26773.921345846393,35688.43191730375,22603.01109350237
2023-11-30,27941.59256009399,84753.56419108204,23985.457349057466,24327.3914451964,27552.99806629272,37006.76891965737,23407.785261489695
2023-12-31,29097.526388262737,82726.83044562122,23088.98940546299,25407.712765432367,28136.055184185716,36810.256893512465,23914.421553090328
2024-01-31,29902.236882481317,93738.62424609691,23340.292196253587,25887.461956088046,29749.47460789554,39056.42572986234,25162.440570522976
2024-02-29,30571.280840067706,99790.8253338336,24118.96703065163,26393.840055182816,29776.97878104818,40721.07716188196,25859.746434231372
2024-03-31,28382.117056900956,101374.95757822266,22509.28235148174,25448.96566713597,28485.198554096904,39705.57903966283,24860.34072900158
2024-04-30,28931.104654992017,115982.92646711232,23526.520541757473,26147.039002266156,29174.810183224763,42055.3891069548,26117.76941362915
2024-05-31,29431.59627608073,110560.79629905966,24777.1412471928,26475.8668317339,30426.32126175394,41910.239896101266,27007.72583201267
2024-06-30,31244.363193876132,111776.19354326847,25725.06701448811,27269.25512679111,31671.32762321705,43456.70248268454,27278.625198098245
2024-07-31,31841.65340647592,109474.97301722533,24795.596107356327,27931.63564338922,31500.313796043483,43392.34861950927,27341.521394611722
2024-08-31,32629.976109644278,117533.62045033392,25761.247890824947,28720.481291945893,32043.15237454735,45273.40643454768,28415.213946117266
2024-09-30,31263.048712477394,111220.58746283983,24113.494955041213,27965.24189633288,31306.287341253475,43794.295130551196,28161.648177496027
2024-10-31,31853.65659934332,112159.16774582789,24677.099950729193,27420.22910326479,32602.12660027109,44609.65234209544,29894.51267828842
2024-11-30,30881.195063556585,101419.02812785072,24531.800767476114,26143.451282136462,30850.056838232984,41924.02594228411,29025.356576862116
2024-12-31,31792.54792187109,110997.05459154189,24707.74115599793,26801.148587855645,31894.688207104748,44094.94022201018,29804.87321711568
2025-01-31,30664.0960140858,100683.74324507314,23785.13485144683,25384.428562733494,32022.191417424187,42388.5145748002,29426.505546751174
2025-02-28,29703.43565781117,96505.08114632485,22783.65705628818,24467.779197646538,30807.205306129817,41810.239678864185,27703.54595879555
2025-03-31,31027.395424278642,103830.52279082559,23021.310979304544,24634.58469288211,31463.604785949014,42342.859275824376,27463.351822503944
2025-04-30,32735.033616067816,113718.00874988594,24455.94261321837,25211.046477821576,32659.587910867947,43934.90580667617,29353.70443740094
2025-05-31,34630.98352807046,129742.55736622261,25939.578724239127,26732.534520915175,33687.288427821775,47004.5542371122,30598.751980982554
2025-06-30,35904.81408050701,136992.93480766757,25977.074236949033,26930.00404174681,32977.45003707917,48488.97522372259,31303.48652931853
2025-07-31,36756.25340625155,141064.64408912198,27407.248971799185,27122.66736965129,34743.35031151872,49868.355872149965,31709.092709984136
2025-08-31,38383.25315527277,157618.48932069042,28799.590732510784,28556.55203701762,35747.39580607006,53178.06539384611,32992.2741679873
2025-09-30,38657.56928101487,167875.403788434,28638.229660282726,27790.013881331262,36750.46257827633,54449.73407637943,33778.72424722661
2025-10-31,38701.3058588921,153026.25800725864,28499.3587087356,26322.43614535637,37389.461616411536,52626.98118290459,33690.07527733754
2025-11-30,39217.773612127174,157597.55184556032,28952.93624763964,28161.550582910255,37522.14275029579,54062.81352499559,33771.790808240876
2025-12-31,41118.48847685081,178526.6135091387,29684.07663796561,31348.698194839664,37146.1112318004,57063.41515654178,34439.87717908081
2026-01-31,41622.71427321628,186061.39922837485,29715.225360348286,31555.64719299648,36240.04127580994,58056.63777780236,33992.67036450078
2026-02-28,39617.58387941604,177312.3431385051,28455.99099988416,29092.573219377406,35055.76338065222,55093.5125074547,32207.805071315357
2026-03-31,39574.04609222463,173087.58052941423,30140.867003772542,27636.752257798587,37279.29422349129,55339.252868476666,35591.323296354974
2026-04-30,41587.82944504568,177953.18911559385,32791.86320596845,27738.32743424112,39518.51000107395,57510.742859583355,37566.362916006314
